Workbook

Sheet Sheet1
A1: SL.NO | B1: DISTRICTS | C1: LOCATION | E1: ALT(m) | F1: ANNUAL RAINFALL
C2: LATITUDE | D2: LONGITUDE | F2: MEAN(mm) | G2: CV % | H2: SI | I2: RAI
A3: {=_xlfn.SEQUENCE(30,1,1,1)} -> 1 | B3: Angul | C3: 20.84 | D3: 85.1 | E3: 195 | F3: 1305.6082 | G3: {=STDEV(Sheet2!B2:B30/AVERAGE(Sheet2!B2:B30))*100} -> 19.067086 | H3: 0.914869 | I3: -0.041
A4: 2 | B4: Balasore | C4: 21.49 | D4: 86.91 | E4: 16 | F4: 1686.4907 | G4: {=STDEV(Sheet2!C2:C30/AVERAGE(Sheet2!C2:C30))*100} -> 18.409044 | H4: 1.181762 | I4: 0.286
A5: 3 | B5: Bargarh | C5: 21.34 | D5: 83.63 | E5: 171 | F5: 1265.32 | G5: {=STDEV(Sheet2!D2:D30/AVERAGE(Sheet2!D2:D30))*100} -> 19.719014 | H5: 0.886639 | I5: 0.044
A6: 4 | B6: Bhadrak | C6: 21.05 | D6: 86.49 | E6: 23 | F6: 1454.8961 | G6: {=STDEV(Sheet2!E2:E30/AVERAGE(Sheet2!E2:E30))*100} -> 18.534072 | H6: 1.019479 | I6: -0.118
A7: 5 | B7: Balangir | C7: 20.7 | D7: 83.48 | E7: 383 | F7: 1218.2741 | G7: {=STDEV(Sheet2!F2:F30/AVERAGE(Sheet2!F2:F30))*100} -> 22.788113 | H7: 0.853672 | I7: 0.087
A8: 6 | B8: Boudh | C8: 20.84 | D8: 84.32 | E8: 93 | F8: 1334.2264 | G8: {=STDEV(Sheet2!G2:G30/AVERAGE(Sheet2!G2:G30))*100} -> 21.650398 | H8: 0.934923 | I8: 0.287
A9: 7 | B9: Cuttack | C9: 20.46 | D9: 85.88 | E9: 36 | F9: 1579.2929 | G9: {=STDEV(Sheet2!H2:H30/AVERAGE(Sheet2!H2:H30))*100} -> 19.362481 | H9: 1.106646 | I9: 0.52
A10: 8 | B10: Deogarh | C10: 21.53 | D10: 84.72 | E10: 255 | F10: 1337.4389 | G10: {=STDEV(Sheet2!I2:I30/AVERAGE(Sheet2!I2:I30))*100} -> 20.716225 | H10: 0.937174 | I10: -0.199
A11: 9 | B11: Dhenkanal | C11: 20.65 | D11: 85.59 | E11: 80 | F11: 1402.1353 | G11: {=STDEV(Sheet2!J2:J30/AVERAGE(Sheet2!J2:J30))*100} -> 16.673984 | H11: 0.982508 | I11: 0.025
A12: 10 | B12: Gajapati | C12: 19.19 | D12: 84.18 | E12: 1501 | F12: 1397.0671 | G12: {=STDEV(Sheet2!K2:K30/AVERAGE(Sheet2!K2:K30))*100} -> 19.274482 | H12: 0.978957 | I12: -0.023
A13: 11 | B13: Ganjam | C13: 19.38 | D13: 85.05 | E13: 3 | F13: 1301.8892 | G13: {=STDEV(Sheet2!L2:L30/AVERAGE(Sheet2!L2:L30))*100} -> 20.480405 | H13: 0.912263 | I13: -0.164
A14: 12 | B14: Jagatsingpur | C14: 20.19 | D14: 86.33 | E14: 15 | F14: 1480.0328 | G14: {=STDEV(Sheet2!M2:M30/AVERAGE(Sheet2!M2:M30))*100} -> 21.998792 | H14: 1.037093 | I14: -0.0277
A15: 13 | B15: Jajpur | C15: 20.83 | D15: 86.33 | E15: 8 | F15: 1568.7086 | G15: {=STDEV(Sheet2!N2:N30/AVERAGE(Sheet2!N2:N30))*100} -> 20.096423 | H15: 1.09923 | I15: -0.0678
A16: 14 | B16: Jharsuguda | C16: 21.85 | D16: 84 | E16: 218 | F16: 1347.4933 | G16: {=STDEV(Sheet2!O2:O30/AVERAGE(Sheet2!O2:O30))*100} -> 21.299917 | H16: 0.944219 | I16: 0.094
A17: 15 | B17: Kalahandi | C17: 19.91 | D17: 83.16 | E17: 355 | F17: 1546.8647 | G17: {=STDEV(Sheet2!P2:P30/AVERAGE(Sheet2!P2:P30))*100} -> 23.437971 | H17: 1.083923 | I17: -0.1069
A18: 16 | B18: Kandhamal | C18: 20.13 | D18: 84.01 | E18: 700 | F18: 1602.1144 | G18: {=STDEV(Sheet2!Q2:Q30/AVERAGE(Sheet2!Q2:Q30))*100} -> 19.552693 | H18: 1.122638 | I18: -0.192
A19: 17 | B19: Kendrapada | C19: 20.5 | D19: 86.41 | E19: 13 | F19: 1505.8383 | G19: {=STDEV(Sheet2!R2:R30/AVERAGE(Sheet2!R2:R30))*100} -> 22.358286 | H19: 1.055175 | I19: 0.268
A20: 18 | B20: Keonjhar | C20: 21.63 | D20: 85.6 | E20: 596 | F20: 1386.8974 | G20: {=STDEV(Sheet2!S2:S30/AVERAGE(Sheet2!S2:S30))*100} -> 19.328389 | H20: 0.971831 | I20: 0.238
A21: 19 | B21: Khordha | C21: 20.18 | D21: 85.62 | E21: 75 | F21: 1448.9105 | G21: {=STDEV(Sheet2!T2:T30/AVERAGE(Sheet2!T2:T30))*100} -> 20.494832 | H21: 1.015284 | I21: 0.089
A22: 20 | B22: Koraput | C22: 18.81 | D22: 82.71 | E22: 870 | F22: 1529.6345 | G22: {=STDEV(Sheet2!U2:U30/AVERAGE(Sheet2!U2:U30))*100} -> 17.413662 | H22: 1.07185 | I22: -0.097
A23: 21 | B23: Malkangiri | C23: 18.34 | D23: 81.88 | E23: 178 | F23: 1591.3382 | G23: {=STDEV(Sheet2!V17:V30/AVERAGE(Sheet2!V2:V30))*100} -> 18.834109 | H23: 1.115087 | I23: -0.048
A24: 22 | B24: Mayurbhanj | C24: 22 | D24: 86.41 | E24: 559 | F24: 1521.9222 | G24: {=STDEV(Sheet2!W2:W30/AVERAGE(Sheet2!W2:W30))*100} -> 18.253365 | H24: 1.066445 | I24: -0.155
A25: 23 | B25: Nawarangpur | C25: 19.22 | D25: 82.54 | E25: 557 | F25: 1603.2103 | G25: {=STDEV(Sheet2!X2:X30/AVERAGE(Sheet2!X2:X30))*100} -> 19.356498 | H25: 1.123406 | I25: 0.079
A26: 24 | B26: Nayagarh | C26: 20.12 | D26: 85.1 | E26: 178 | F26: 1416.7231 | G26: {=STDEV(Sheet2!Y2:Y30/AVERAGE(Sheet2!Y2:Y30))*100} -> 19.685006 | H26: 0.99273 | I26: 0.0055
A27: 25 | B27: Nuapada | C27: 20.8 | D27: 82.53 | E27: 365 | F27: 1142.5294 | G27: {=STDEV(Sheet2!Z2:Z30/AVERAGE(Sheet2!Z2:Z30))*100} -> 20.247519 | H27: 0.800596 | I27: -0.006
A28: 26 | B28: Puri | C28: 19.81 | D28: 85.83 | E28: 1 | F28: 1444.9384 | G28: {=STDEV(Sheet2!AA2:AA30/AVERAGE(Sheet2!AA2:AA30))*100} -> 23.703197 | H28: 1.012501 | I28: 0.064
A29: 27 | B29: Rayagada | C29: 19.17 | D29: 83.41 | E29: 207 | F29: 1283.9186 | G29: {=STDEV(Sheet2!AB2:AB30/AVERAGE(Sheet2!AB2:AB30))*100} -> 18.869749 | H29: 0.899671 | I29: -0.2504
A30: 28 | B30: Sambalpur | C30: 21.46 | D30: 83.98 | E30: 150 | F30: 1450.839 | G30: {=STDEV(Sheet2!AC2:AC30/AVERAGE(Sheet2!AC2:AC30))*100} -> 21.062831 | H30: 1.016636 | I30: 0.246
A31: 29 | B31: Sonepur | C31: 20.84 | D31: 83.89 | E31: 121 | F31: 1350.6857 | G31: {=STDEV(Sheet2!AD2:AD30/AVERAGE(Sheet2!AD2:AD30))*100} -> 23.096449 | H31: 0.946456 | I31: 0.0205
A32: 30 | B32: Sundargarh | C32: 22.12 | D32: 84.03 | E32: 243 | F32: 1307.7023 | G32: {=STDEV(Sheet2!AE2:AE30/AVERAGE(Sheet2!AE2:AE30))*100} -> 14.92487 | H32: 0.916337 | I32: -0.181

Sheet Sheet2
A1: DIST | B1: Ang | C1: Bala | D1: Barg | E1: Bhad | F1: Bal | G1: Bou | H1: Cut | I1: Deo | J1: Dhen | K1: Gaj | L1: Gan | M1: Jaga | N1: Jaj | O1: Jhar | P1: Kala | Q1: Kand | R1: Kend | S1: Keon | T1: Kho | U1: Kor | V1: Malk | W1: Mayu | X1: Nawa | Y1: Naya | Z1: Nua | AA1: Puri | AB1: Ray | AC1: Sam | AD1: Sub | AE1: Sun
A2: 1995 | B2: 1308.0696 | C2: 2190.4833 | D2: 1259.4333 | E2: 1725.8143 | F2: 1474.5429 | G2: 1236.6667 | H2: 1639.0769 | I2: 1228.6333 | J2: 1745.3125 | K2: 1982.4625 | L2: 1963.6591 | M2: 1769.075 | N2: 2154.7 | O2: 1492.16 | P2: 1590.3 | Q2: 1842.8917 | R2: 1906.9778 | S2: 1179.1538 | T2: 1858.411 | U2: 1531.2643 | V2: 1465.4143 | W2: 1598.7231 | X2: 1499.28 | Y2: 1804.275 | Z2: 1140.74 | AA2: 2115.9818 | AB2: 1450.3545 | AC2: 1368.0667 | AD2: 1436.75 | AE2: 1233.3471
A3: 1996 | B3: 959.3 | C3: 1410.8167 | D3: 823.75833 | E3: 1158.4429 | F3: 724.35714 | G3: 578.76667 | H3: 813.40769 | I3: 1336.9 | J3: 1021.4125 | K3: 901.3625 | L3: 871.34091 | M3: 824.7 | N3: 1020.97 | O3: 1225.02 | P3: 1045.3923 | Q3: 1093.025 | R3: 980.35556 | S3: 927.72308 | T3: 778.19 | U3: 1264.6286 | V3: 1515.8143 | W3: 1188.7038 | X3: 1261.73 | Y3: 784.3125 | Z3: 663.56 | AA3: 782.65455 | AB3: 950.36364 | AC3: 1045.1111 | AD3: 745.35 | AE3: 1072.1647
A4: 1997 | B4: 1478.1375 | C4: 2232.5667 | D4: 1549.3417 | E4: 1707.2857 | F4: 1311.1357 | G4: 1401 | H4: 1653 | I4: 1292.3 | J4: 1610.9125 | K4: 1335.725 | L4: 1227.7591 | M4: 1814.7125 | N4: 1771.8 | O4: 1079.52 | P4: 1629.4077 | Q4: 1768.5917 | R4: 1754.7 | S4: 1445.8462 | T4: 1482.25 | U4: 1293.4286 | V4: 1217.6714 | W4: 1736.4385 | X4: 1355.92 | Y4: 1440.0375 | Z4: 1193.74 | AA4: 1592.7273 | AB4: 1127.8455 | AC4: 1483.5 | AD4: 1797.6167 | AE4: 1292.5076
A5: 1998 | B5: 1108.15 | C5: 1608.075 | D5: 1156.8083 | E5: 1202.0881 | F5: 914.92143 | G5: 860.96667 | H5: 1445.4769 | I5: 1183.0333 | J5: 1343.0125 | K5: 1248.15 | L5: 1374.0318 | M5: 1903.7125 | N5: 1446.5 | O5: 1176.26 | P5: 1126.0077 | Q5: 1477.8917 | R5: 1271.4111 | S5: 1154.4231 | T5: 1509.42 | U5: 1278.8929 | V5: 1411.6 | W5: 1247.9269 | X5: 1219.29 | Y5: 1238.6375 | Z5: 1165.66 | AA5: 1707.8727 | AB5: 1329.1455 | AC5: 992.4 | AD5: 973.46667 | AE5: 1271.0353
A6: 1999 | B6: 1350.0875 | C6: 2183.25 | D6: 1251.0333 | E6: 1730.9167 | F6: 943.85714 | G6: 1039.4 | H6: 1808.8949 | I6: 1443.9 | J6: 1542.225 | K6: 1049.775 | L6: 1227.1773 | M6: 1720.8125 | N6: 2079 | O6: 1182.565 | P6: 1209.9 | Q6: 1363.2583 | R6: 2072.0556 | S6: 1595.4538 | T6: 1473.42 | U6: 1484.2164 | V6: 1748.2286 | W6: 1670.3 | X6: 1434.42 | Y6: 1060.25 | Z6: 1062.78 | AA6: 1559.5727 | AB6: 885.99091 | AC6: 1275.6444 | AD6: 1156.9167 | AE6: 1494.3588
A7: 2000 | B7: 896.5 | C7: 1492.5 | D7: 843 | E7: 1017.7 | F7: 812.3 | G7: 983.8 | H7: 977.8 | I7: 813.3 | J7: 1016.3 | K7: 1166.4 | L7: 1014 | M7: 835 | N7: 1014.3 | O7: 631.2 | P7: 1291.8 | Q7: 1275.6 | R7: 873.9 | S7: 1160.9 | T7: 1098 | U7: 1359.1 | V7: 1296.5 | W7: 1286.2 | X7: 1290.9 | Y7: 1190.1 | Z7: 684.5 | AA7: 986.2 | AB7: 877 | AC7: 821.3 | AD7: 1008.2 | AE7: 977
A8: 2002 | B8: 1663.35 | C8: 1842.148 | D8: 1525.2833 | E8: 1630.1286 | F8: 1604.9846 | G8: 1461.6667 | H8: 1898.4923 | I8: 1668 | J8: 1614 | K8: 1198.35 | L8: 1376.7727 | M8: 1504.2875 | N8: 1432.9 | O8: 1374.9 | P8: 2367.2692 | Q8: 1964.325 | R8: 1211.9 | S8: 1390.6538 | T8: 2057.77 | U8: 1630.4186 | V8: 1173.9714 | W8: 1652.7038 | X8: 1802.83 | Y8: 1822.525 | Z8: 1228.88 | AA8: 2023.4818 | AB8: 1199.6727 | AC8: 1794.0556 | AD8: 1866.5167 | AE8: 1720.0391
A9: 2002 | B9: 900.4875 | C9: 1320.825 | D9: 876.9 | E9: 1060.7524 | F9: 831.43516 | G9: 1209.3333 | H9: 1042.3846 | I9: 965.53333 | J9: 1021.8625 | K9: 963.1625 | L9: 951.68182 | M9: 1047.1125 | N9: 1024.55 | O9: 979.68 | P9: 886.76923 | Q9: 1264.1917 | R9: 864.13333 | S9: 862.03077 | T9: 1188.9 | U9: 1006.6143 | V9: 945.1 | W9: 1177.9115 | X9: 1000.48 | Y9: 1069.3875 | Z9: 670.06 | AA9: 1057 | AB9: 905 | AC9: 1048.6889 | AD9: 1119.5 | AE9: 1038.3081
A10: 2003 | B10: 1794.1 | C10: 1775.375 | D10: 1532.8483 | E10: 2052.5714 | F10: 1672.7257 | G10: 1847.9067 | H10: 1772.2231 | I10: 1613.0333 | J10: 1591.5 | K10: 1581.905 | L10: 1466.4545 | M10: 1702.625 | N10: 1990.3 | O10: 1651.68 | P10: 2081.8538 | Q10: 2095.9708 | R10: 2020.9556 | S10: 1385.7923 | T10: 1867.5 | U10: 1428.0071 | V10: 1757.3429 | W10: 1413.4577 | X10: 1594.75 | Y10: 1629.05 | Z10: 1301.084 | AA10: 1466 | AB10: 1324.6455 | AC10: 1681.3444 | AD10: 1504.1167 | AE10: 1413.8671
A11: 2004 | B11: 1339.825 | C11: 1590.525 | D11: 1022.9042 | E11: 1437.1 | F11: 1121.4607 | G11: 1456.6667 | H11: 1398.9231 | I11: 868.69333 | J11: 1046.25 | K11: 1281.035 | L11: 979.37273 | M11: 1203.375 | N11: 1418.7 | O11: 1222.8 | P11: 1743.3846 | Q11: 1545.2333 | R11: 1383.2222 | S11: 1096.9981 | T11: 1055.3 | U11: 1401.5729 | V11: 1588.2429 | W11: 1294.2692 | X11: 1692.432 | Y11: 1226.6875 | Z11: 867.56 | AA11: 1043.9636 | AB11: 1304.3564 | AC11: 1317.5222 | AD11: 1115.85 | AE11: 1147.4176
A12: 2005 | B12: 1714.1713 | C12: 2071.1417 | D12: 1200.4583 | E12: 1686.5571 | F12: 1146.72 | G12: 1502.3333 | H12: 2011.3077 | I12: 1202.9667 | J12: 1740.95 | K12: 1452.6 | L12: 1359.0909 | M12: 1621.725 | N12: 1810.3 | O12: 1316.8 | P12: 1397.9923 | Q12: 1948.3542 | R12: 1782.9444 | S12: 1618.5162 | T12: 1436.14 | U12: 1345.0314 | V12: 1384.8329 | W12: 1670.6577 | X12: 1599.538 | Y12: 1751.8125 | Z12: 873.5 | AA12: 1527.4455 | AB12: 1222.9455 | AC12: 1698.0444 | AD12: 1249.1333 | AE12: 1241.8588
A13: 2006 | B13: 1344.15 | C13: 1773.725 | D13: 1673.4167 | E13: 1350.5429 | F13: 1718.7143 | G13: 1730.54 | H13: 1927.1538 | I13: 1142.3 | J13: 1384.575 | K13: 1706.3537 | L13: 1482.4091 | M13: 1609.325 | N13: 1650.6 | O13: 1258 | P13: 2244.3615 | Q13: 2369.9167 | R13: 1426.3667 | S13: 1551.2646 | T13: 1685.15 | U13: 1952.5721 | V13: 1917.6143 | W13: 1821.2038 | X13: 2151.46 | Y13: 1379.2875 | Z13: 1449.5 | AA13: 1932.7364 | AB13: 1977.2182 | AC13: 1790.6778 | AD13: 1885.1 | AE13: 1213.8712
... A30: 2023 | B30: 1424.0875 | C30: 1471.8583 | D30: 1455.1417 | E30: 1370.1857 | F30: 1193.4357 | G30: 1559.2 | H30: 1335.0077 | I30: 1527.4333 | J30: 1629.65 | K30: 1220.325 | L30: 930.43682 | M30: 1158.4125 | N30: 1296.17 | O30: 1715.44 | P30: 1335.8692 | Q30: 1610.7417 | R30: 1130.8333 | S30: 1490.5077 | T30: 1218.03 | U30: 1749.6857 | V30: 1762.4857 | W30: 1375.8231 | X30: 1331.41 | Y30: 1275.0938 | Z30: 1235.44 | AA30: 993.72273 | AB30: 1155.0545 | AC30: 1772.3633 | AD30: 1480.4 | AE30: 1391.6618
B32: =STDEV(B2:B30) -> 248.94144 | C32: =STDEV(C2:C30) -> 310.46683

Sheet Sheet3
A1: 1. ANGUL
A2: 1 | B2: Angul | C2: 0 | D2: 0 | E2: 0 | F2: 0 | G2: 0 | H2: 0 | I2: 0 | J2: 0 | K2: 20 | L2: 12 | M2: 0 | N2: 13 | O2: 3 | P2: 0 | Q2: 0 | R2: 0 | S2: 1 | T2: 0.4 | U2: 0 | V2: 0 | W2: 0 | X2: 0 | Y2: 0 | Z2: 0 | AA2: 0 | AB2: 0 | AC2: 0 | AD2: 0 | AE2: 0 | AF2: 0 | AG2: 0 | AH2: 49.4
A3: 2 | B3: Banarpal | C3: 0 | D3: 0 | E3: 0 | F3: 0 | G3: 0 | H3: 0 | I3: 0 | J3: 0 | K3: 5 | L3: 8 | M3: 4 | N3: 10 | O3: 0 | P3: 0 | Q3: 0 | R3: 0 | S3: 0 | T3: 0 | U3: 6 | V3: 0 | W3: 0 | X3: 0 | Y3: 0 | Z3: 0 | AA3: 0 | AB3: 0 | AC3: 0 | AD3: 0 | AE3: 0 | AF3: 0 | AG3: 0 | AH3: 33
A4: 3 | B4: Chhendipada | C4: 0 | D4: 0 | E4: 0 | F4: 0 | G4: 0 | H4: 0 | I4: 0 | J4: 15 | K4: 0 | L4: 0 | M4: 5 | N4: 0 | O4: 0 | P4: 0 | Q4: 0 | R4: 0 | S4: 5 | T4: 0 | U4: 0 | V4: 0 | W4: 0 | X4: 0 | Y4: 0 | Z4: 0 | AA4: 0 | AB4: 0 | AC4: 0 | AD4: 0 | AE4: 0 | AF4: 0 | AG4: 0 | AH4: 25
A5: 4 | B5: Talcher | C5: 0 | D5: 0 | E5: 0 | F5: 0 | G5: 0 | H5: 0 | I5: 0 | J5: 0 | K5: 35 | L5: 11 | M5: 0 | N5: 10 | O5: 0 | P5: 0 | Q5: 0 | R5: 0 | S5: 0 | T5: 0.3 | U5: 0 | V5: 0 | W5: 0 | X5: 0 | Y5: 0 | Z5: 0 | AA5: 0 | AB5: 0 | AC5: 0 | AD5: 0 | AE5: 0 | AF5: 0 | AG5: 0 | AH5: 56.3
A6: 5 | B6: Kaniha | C6: 0 | D6: 0 | E6: 0 | F6: 0 | G6: 0 | H6: 0 | I6: 0 | J6: 0 | K6: 44 | L6: 22 | M6: 0 | N6: 12 | O6: 0 | P6: 0 | Q6: 0 | R6: 0 | S6: 0 | T6: 6 | U6: 0 | V6: 0 | W6: 0 | X6: 0 | Y6: 0 | Z6: 0 | AA6: 0 | AB6: 0 | AC6: 0 | AD6: 0 | AE6: 0 | AF6: 0 | AG6: 0 | AH6: 84
A7: 6 | B7: Athamalik | C7: 0 | D7: 0 | E7: 0 | F7: 0 | G7: 0 | H7: 0 | I7: 0 | J7: 0 | K7: 25.6 | L7: 25.2 | M7: 0 | N7: 20.8 | O7: 0 | P7: 0 | Q7: 0 | R7: 0 | S7: 0 | T7: 3.6 | U7: 0 | V7: 0 | W7: 0 | X7: 0 | Y7: 0 | Z7: 0 | AA7: 0 | AB7: 0 | AC7: 0 | AD7: 0 | AE7: 0 | AF7: 0 | AG7: 0 | AH7: 75.2
A8: 7 | B8: Kishorenagar | C8: 0 | D8: 0 | E8: 0 | F8: 0 | G8: 0 | H8: 0 | I8: 0 | J8: 0 | K8: 33.6 | L8: 18.4 | M8: 0 | N8: 21 | O8: 0 | P8: 0 | Q8: 0 | R8: 0 | S8: 0 | T8: 3 | U8: 0 | V8: 0 | W8: 0 | X8: 0 | Y8: 0 | Z8: 0 | AA8: 0 | AB8: 0 | AC8: 0 | AD8: 0 | AE8: 0 | AF8: 0 | AG8: 0 | AH8: 76
A9: 8 | B9: Pallahara | C9: 0 | D9: 0 | E9: 0 | F9: 0 | G9: 0 | H9: 0 | I9: 0 | J9: 0 | K9: 38 | L9: 45 | M9: 0 | N9: 34 | O9: 0 | P9: 0 | Q9: 15 | R9: 5.5 | S9: 0 | T9: 0 | U9: 0 | V9: 0 | W9: 0 | X9: 0 | Y9: 0 | Z9: 0 | AA9: 0 | AB9: 0 | AC9: 0 | AD9: 0 | AE9: 0 | AF9: 0 | AG9: 0 | AH9: 137.5
B10: Total | C10: 0 | D10: 0 | E10: 0 | F10: 0 | G10: 0 | H10: 0 | I10: 0 | J10: 15 | K10: 201.2 | L10: 141.6 | M10: 9 | N10: 120.8 | O10: 3 | P10: 0 | Q10: 15 | R10: 5.5 | S10: 6 | T10: 13.3 | U10: 6 | V10: 0 | W10: 0 | X10: 0 | Y10: 0 | Z10: 0 | AA10: 0 | AB10: 0 | AC10: 0 | AD10: 0 | AE10: 0 | AF10: 0 | AG10: 0 | AH10: 536.4
B11: Average | C11: 0 | D11: 0 | E11: 0 | F11: 0 | G11: 0 | H11: 0 | I11: 0 | J11: 1.875 | K11: 25.15 | L11: 17.7 | M11: 1.125 | N11: 15.1 | O11: 0.375 | P11: 0 | Q11: 1.875 | R11: 0.6875 | S11: 0.75 | T11: 1.6625 | U11: 0.75 | V11: 0 | W11: 0 | X11: 0 | Y11: 0 | Z11: 0 | AA11: 0 | AB11: 0 | AC11: 0 | AD11: 0 | AE11: 0 | AF11: 0 | AG11: 0 | AH11: 67.05
